channelId,title,publishedAt,channelTitle,categoryId,defaultLanguage,defaultAudioLanguage,viewCount,likeCount,favoriteCount,commentCount
UCr6JdxlULK9d0uHuvMGCUnQ,üî¥ [SemutHitam] SAYA KEMBALI! | SUICIDE SQUAD: KILL THE JUSTICE LEAGUE #ad,2024-02-08T16:23:35Z,Nerd Gaming Malaysia,20,ms,ms,10147,1126,0,5
UC0-blwBxnXb8HXO-NUbIxZQ,last reel 3,2024-02-04T06:33:09Z,ederF,22,,,11,3,0,2
UCK8of7NJhRnyYRH1LlZ-Ubw,"SHOW DA MANH√É COM MARCO ANT√îNIO COSTA, ADRILLES JORGE, PAULO FIGUEIREDO E FL√ÅVIO GORDON - 09/02/2024",2024-02-08T20:36:42Z,Fio Di√°rio,25,pt-BR,en-US,0,75,0,0
UCMnEPMKN8hQXC13Sy3UzjOg,‡§µ‡•á‡§¨ ‡§∏‡§ø‡§∞‡•Ä‡§ú ‡§´‡•Å‡§ï‡§æ‡§ü‡§µ‡§æ‡§°‡•Ä... ‡§™‡•ã‡§∞‡§ó‡•Ä ‡§π‡•â‡§ü‡•á‡§≤‡§Æ‡§ß‡•ç‡§Ø‡•á ‡§ú‡•á‡§µ‡§£ ‡§ï‡§∞‡§æ‡§Ø‡§≤‡§æ ‡§Ü‡§≤‡•ç‡§Ø‡§æ‡§®‡§Ç‡§§‡§∞ ‡§™‡•ã‡§∞‡§ó‡•Ä ‡§™‡§ü‡§µ‡§æ‡§Ø‡§ö‡•Ä ‡§™‡•ç‡§≤‡•Ö‡§®‡§ø‡§Ç‡§ó ‡§ï‡§∞‡§§‡§æ‡§§,2024-02-04T03:30:10Z,Aactor raju dhawade,23,,,1018,,0,0
UC6NLlo3MIECiH2PDivzbkEA,Avan√ßai! Avan√ßai! | Organista Bujor Florin Lucian tocando o √ìrg√£o Farfisa Pergamon,2024-02-04T22:00:07Z,Bujor Florin Lucian,10,,ro,42,2,0,0
UCMmpLL2ucRHAXbNHiCPyIyg,"""ùêåùêÆùê£ùê°ùêû ùêëùêé ùê®ùêüùêüùê¢ùêúùêû ùê¨ùêû ùêõùêöùê°ùêöùê´ ùêßùê¢ùê§ùêöùê• ùêùùê¢ùê≤ùêö ùê†ùêöùê≤ùêö,"" Salman Akram Raja | LHC Mai Sama'at",2024-02-09T11:13:57Z,ARY News,25,en,ur,4279,162,0,4
UC8NxJ8TB76xiFypl_G0s2CA,Viva sua casa. Veja depois.,2024-02-05T20:33:15Z,Veja Limpeza,24,,,4352411,8,0,0
UCrjv59wcc2ferOZ586B2v2w,LAGOAS SALGADAS NO CHACO PARAGUAIO PARTE II,2024-02-06T13:00:07Z,CHALANA EM DUAS RODAS,19,pt-BR,pt-BR,50,15,0,6
UCZo72ak3rVk6GNpSJBIgFOw,EST√Å AVAN√áAR COM A ORGANIZA√á√ÉO UNIDA DE DEUS,2024-02-02T17:15:09Z,Fabi√£o Muanda,27,,,24,4,0,0
UCtubCrQZyLUyyoGDBEu_NPg,Andra Day Wants to play Eartha Kitt in a Biopic,2024-02-03T01:00:09Z,Christopher Brown MAAGA,22,,,721,19,0,1
UCVRWkwOQIpxPOhQ9V-gL2UA,"SIAM√âS ""My Way"" [Official Animated Music Video]",2024-02-03T15:18:40Z,SIAMES,10,en,en,0,824,0,72
UCNTRqt2USOfwwskXHj_1rnA,"Sonic Frontiers FAN OST - ""Stand Tall"" Feat. @KONTAGION705 & @SilentDreamsMax  (TITAN THEME)",2024-02-03T23:25:40Z,Zakkujo,10,,,0,135,0,43
UC1fy_L5_U8RACglEc2Xztxw,Prova do l√≠der: Davi se desentende com Wanessa e Yasmin | Isabelle disputa caixa com Rodriguinho e +,2024-02-09T10:21:41Z,Netuno Pop,24,pt-BR,pt-BR,4572,214,0,22
UCA3altnjT0eFZ65kuReqvJw,Manifesting: UNLOCK the LIMITLESS Capabilities of the SUBCONSCIOUS MIND,2024-02-03T00:48:41Z,Divine Imagination by Joseph Alai,22,en,en-US,0,34,0,21
UCo4-WGKOvw3QmzW8MRuuFtQ,A MELHOR LIVE DE PROMO√á√ïES DA INTERNET ‚ö†Ô∏è SORTEIO 10 PC GAMER  (Sex. as 14 HORAS!),2024-02-07T17:19:48Z,Pichau,24,pt,pt,0,160,0,0
UCN-bFIdJM0gQlgX7h6LKcZA,„Éê„É≥„Éâ„É™ÔºÅTV LIVE 2024 #205,2024-02-08T04:37:12Z,„Éê„É≥„Éâ„É™„Å°„ÇÉ„Çì„Å≠„Çã‚òÜ,1,,en,0,49,0,0
UCP6L9TPS3pHccVRiDB_cvqQ,"Homilia Di√°ria | A santa que ‚Äúvenceu‚Äù S√£o Bento (Mem√≥ria de Santa Escol√°stica, Virgem)",2024-02-08T20:15:17Z,Padre Paulo Ricardo,27,pt-BR,pt-BR,0,206,0,1
UCSpDUbgUY0-SzRftO_TTiCg,"FREE MUSIC, BY SOUNDEFFECT-NF",2024-02-07T22:00:09Z,SOUND NF1,10,pt-BR,pt-BR,1,2,0,0
UCWwZ0vM0qnr3vPHh2lgqH_w,"üî¥ AO VIVO | FERIADO ANO NOVO CHINA,  BALAN√áO BANCO BRASIL, INVESTIGA√á√ÉO PF BOLSONARO, COTA√á√ÉO D√ìLAR",2024-02-08T22:44:03Z,TC,25,,pt-BR,40,334,0,0
UCjWxeXfmtOnv1MndaSEWFew,"EVANGELHO DO DIA | 09/02/2024 | Mc 7,31-37 | @PadreManzottiOficial",2024-02-09T08:30:08Z,Padre Reginaldo Manzotti,22,,pt,29269,12999,0,638
UCVNouUw3d3l5JYVCxhAQXKA,ORA√á√ÉO DA MEIA-NOITE-09 DE FEVEREIRO @BispoBrunoLeonardo,2024-02-09T02:58:09Z,Bispo Bruno Leonardo,29,,,718870,289445,0,210315
UCVNouUw3d3l5JYVCxhAQXKA,ORA√á√ÉO FORT√çSSIMA PARA TE DAR A VIT√ìRIA @BispoBrunoLeonardo,2024-02-07T07:58:11Z,Bispo Bruno Leonardo,29,,,2631464,715790,0,575597
UCVNouUw3d3l5JYVCxhAQXKA,ORA√á√ÉO DO DIA-09 DE FEVEREIRO ‚Äã‚Å†@BispoBrunoLeonardo,2024-02-09T07:58:06Z,Bispo Bruno Leonardo,29,,,1001588,560701,0,483958
UCVNouUw3d3l5JYVCxhAQXKA,ORA√á√ÉO FORT√çSSIMA @BispoBrunoLeonardo,2024-02-06T20:58:08Z,Bispo Bruno Leonardo,29,,,1895428,597817,0,492958
UCVNouUw3d3l5JYVCxhAQXKA,ORA√á√ÉO FORT√çSSIMA @BispoBrunoLeonardo,2024-02-04T07:58:10Z,Bispo Bruno Leonardo,29,,,2171549,628254,0,547868
UCVNouUw3d3l5JYVCxhAQXKA,ORA√á√ÉO FORT√çSSIMA SALMO 91 @BispoBrunoLeonardo,2024-02-07T20:58:11Z,Bispo Bruno Leonardo,29,,,1944527,587401,0,435244
UCVNouUw3d3l5JYVCxhAQXKA,ORA√á√ÉO FORT√çSSIMA ‚Äã‚Å†‚Äã‚Å†@BispoBrunoLeonardo,2024-02-05T07:58:07Z,Bispo Bruno Leonardo,29,,,2463302,703418,0,581216
UCVNouUw3d3l5JYVCxhAQXKA,ORA√á√ÉO DA NOITE-03 DE FEVEREIRO @BispoBrunoLeonardo,2024-02-03T20:58:09Z,Bispo Bruno Leonardo,29,,,1619053,526861,0,467586
UCVNouUw3d3l5JYVCxhAQXKA,ORA√á√ÉO TUDO POSSO NAQUELE QUE ME FORTALECE @BispoBrunoLeonardo,2024-02-06T07:58:12Z,Bispo Bruno Leonardo,29,,,2515328,732460,0,629535
UCVNouUw3d3l5JYVCxhAQXKA,ORA√á√ÉO DA NOITE-08 DE FEVEREIRO @BispoBrunoLeonardo,2024-02-08T20:58:08Z,Bispo Bruno Leonardo,29,,,1838260,588224,0,563018
UCTcqn1bL0VNWS04_2FsIRYA,Majki - AMG (feat. Cheatz) [Official Video],2024-02-02T14:47:02Z,Majki,10,,,2,323,0,16
UCP6L9TPS3pHccVRiDB_cvqQ,"Homilia Di√°ria | A santa que ‚Äúvenceu‚Äù S√£o Bento (Mem√≥ria de Santa Escol√°stica, Virgem)",2024-02-08T20:15:17Z,Padre Paulo Ricardo,27,pt-BR,pt-BR,0,206,0,1
UCWwZ0vM0qnr3vPHh2lgqH_w,"üî¥ AO VIVO | FERIADO ANO NOVO CHINA,  BALAN√áO BANCO BRASIL, INVESTIGA√á√ÉO PF BOLSONARO, COTA√á√ÉO D√ìLAR",2024-02-08T22:44:03Z,TC,25,,pt-BR,40,334,0,0
UCzQTF0KVnpehdFM5gvwC2sA,GUERRA URBANA WARZONE 2.0üòàENDIABRADOS GAMESüéÆSIGAM O CANAL NO YOUTUBE‚úîÔ∏èFACEBOOCK GAMING‚úîÔ∏èBOOYAH‚úîÔ∏è‚ò†Ô∏è,2024-02-03T21:11:09Z,ùï∞ùñìùñâùñéùñÜùñáùñóùñÜùñâùñîùñò ùï≤ùñÜùñíùñäùñò ùñä ùïØùñÜùñóùñê,20,pt-BR,pt-BR,4,2,0,1
UCjWxeXfmtOnv1MndaSEWFew,"EVANGELHO DO DIA | 09/02/2024 | Mc 7,31-37 | @PadreManzottiOficial",2024-02-09T08:30:08Z,Padre Reginaldo Manzotti,22,,pt,29269,13003,0,638
UCjWxeXfmtOnv1MndaSEWFew,ORA√á√ÉO DA MANH√É | 09/02/2024 |  @PadreManzottiOficial,2024-02-09T07:30:10Z,Padre Reginaldo Manzotti,22,,pt,46293,22293,0,1359
UCe7neKTqv4ygXRiP2lqWWIg,Ora√ß√£o da Manh√£ a luz do Salmo 91 para dissipar as trevas e vencer todo mal - 9 de Fevereiro,2024-02-09T09:35:31Z,Profeta Vinicius Iracet,22,pt-BR,pt,52452,47261,0,3978
UCfkXDY7vwkcJ8ddFGz8KusA,ÏÑ∏Î∏êÌã¥(SEVENTEEN)Ïù¥ Ï†ÑÌïòÎäî 2024ÎÖÑ ÏÑ§ÎÇ† Ïù∏ÏÇ¨ Î©îÏãúÏßÄ üíå,2024-02-09T03:00:03Z,SEVENTEEN,10,,en,86748,14941,0,493
UC2YnEq5Fc5_zEO6bo0oNzCQ,Melanie Martinez - FAERIE SOIR√âE (Official Music Video),2024-02-08T03:46:00Z,melanie martinez,10,,en,10,28226,0,7989
UCVNouUw3d3l5JYVCxhAQXKA,ORA√á√ÉO DA FORT√çSSIMA,2024-02-06T02:58:11Z,Bispo Bruno Leonardo,29,,,876536,317560,0,240462
UCVNouUw3d3l5JYVCxhAQXKA,ORA√á√ÉO DA NOITE-03 DE FEVEREIRO @BispoBrunoLeonardo,2024-02-03T20:58:09Z,Bispo Bruno Leonardo,29,,,1619053,526861,0,467586
UCVNouUw3d3l5JYVCxhAQXKA,ORA√á√ÉO TUDO POSSO NAQUELE QUE ME FORTALECE @BispoBrunoLeonardo,2024-02-06T07:58:12Z,Bispo Bruno Leonardo,29,,,2515328,732460,0,629535
UC-VnP-VdGUaIbssXoOhz5OQ,"""ÍπÄÏ†ïÏùÄ Î≥¥Îã§ Î™ªÌïú Ïú§ÏÑùÏó¥""... Ï°∞Ï§ëÎèô Ï∂©Í≤©!! Ìë∏Ìã¥ Ïñ∏Í∏âÌïòÎ©∞ ÎèÖÏû¨Ïûê Ï∑®Í∏â;;; Ïú§ÏÑùÏó¥Í≥º Í≤∞Î≥Ñ ÏõÄÏßÅÏûÑ Ìè¨Ï∞© „Öã„Öã„Öã",2024-02-09T00:57:01Z,Ïñ∏Î°† ÏïåÏïÑÏïº Î∞îÍæºÎã§,25,,ko,134090,13329,0,326
UCVNouUw3d3l5JYVCxhAQXKA,ORA√á√ÉO FORT√çSSIMA RECEBA A LUZ DE DEUS @BispoBrunoLeonardo,2024-02-08T07:58:10Z,Bispo Bruno Leonardo,29,,,2468032,734304,0,609433
UCVNouUw3d3l5JYVCxhAQXKA,ESSA ORA√á√ÉO √â FORT√çSSIMA @BispoBrunoLeonardo,2024-02-04T20:58:08Z,Bispo Bruno Leonardo,29,,,1645087,532903,0,641870
UCVNouUw3d3l5JYVCxhAQXKA,ORA√á√ÉO TUDO POSSO NAQUELE QUE ME FORTALECE @BispoBrunoLeonardo,2024-02-06T07:58:12Z,Bispo Bruno Leonardo,29,,,2515328,732460,0,629535
UCVNouUw3d3l5JYVCxhAQXKA,ORA√á√ÉO DA NOITE-08 DE FEVEREIRO @BispoBrunoLeonardo,2024-02-08T20:58:08Z,Bispo Bruno Leonardo,29,,,1838260,588224,0,563018
UCVNouUw3d3l5JYVCxhAQXKA,ORA√á√ÉO FORT√çSSIMA RECEBA A LUZ DE DEUS @BispoBrunoLeonardo,2024-02-08T07:58:10Z,Bispo Bruno Leonardo,29,,,2468032,734304,0,609433
UCVNouUw3d3l5JYVCxhAQXKA,ESSA ORA√á√ÉO √â FORT√çSSIMA @BispoBrunoLeonardo,2024-02-04T20:58:08Z,Bispo Bruno Leonardo,29,,,1645087,532903,0,641870
UCbmVlqWD6lqn1Ur1Zv25IIg,Imposs√≠vel de passar pano - LULA esculacha as mulheres em discurso esvaziado,2024-02-07T21:21:50Z,Gustavo Gayer Deputado Federal,25,,pt,303118,57078,0,4731
UCBpwS_TPjdLt_FLgl0ZtZAg,Sexta-Feira: Mist√©rios Dolorosos | Ter√ßo Mariano com @PadreManzottiOficial | 09/02/24,2024-02-09T09:00:30Z,TV Evangelizar,24,pt,pt,5167,1448,0,136
UC3-JLGJpMKwymQoRFJMkgSg,B0LSONARO RECEBE NOT√çCIA DE PRlS√ÉO E CAI EM DESESPERO!! PF CONSEGUIU A PROVA-CHAVE!! DECIS√ÉO TOMADA,2024-02-09T10:15:01Z,Plant√£o Brasil,25,,pt-BR,19772,9646,0,526
UCWkaQBuWlLoRSPP2311ERSA,10 promessas b√≠blicas para aqueles que obedecem a Deus | Caf√© com Destino,2024-02-09T10:57:07Z,Tiago Brunet,27,,pt,2363,3683,0,571
UCU7uY3wCPh9j39KXzOpqNaw,ALARGANDO ATR√ÅS E REVELANDO O SHAPE PARA FELIPE FRANCO!! ( Õ°¬∞ Õú ñ Õ°¬∞) **NOVO PROJETO**,2024-02-06T21:22:34Z,Julio Cocielo,24,,,686950,95891,0,1556
UC9Wd6xzfxb0EDJfVOlMDpwQ,O epis√≥dio mais SAFADO de INVENC√çVEL | Hamlet üíÄ,2024-02-04T15:00:39Z,Hamlet Segundo,24,,,30309,5039,0,69
UCKEM87jzVqdIfAdTr0xNBfA,ORA√á√ÉO DA MANH√É DE HOJE 07/02 - Fa√ßa seu Pedido de Ora√ß√£o,2024-02-07T08:00:02Z,Pastor Ant√¥nio J√∫nior,22,pt-BR,pt-BR,358714,85954,0,17347
UCm_nEAH7DCfjmXUbNkN6JFw,Santo Ros√°rio | Novena de Lourdes - 7¬∫ Dia  - 08/02 | Instituto Hesed,2024-02-08T10:07:08Z,Ir Kelly Patricia OFICIAL / Instituto Hesed,10,,pt-BR,303160,70523,0,1023
UCpf5YXmzGHC4m5uLCdlrrfA,Pedro Henrique | S√≥ Tu √âs Santo [Lyric Oficial],2024-02-06T15:00:10Z,Todah Music Oficial,10,,pt-BR,445673,48514,0,2497
UCYzp8-P162Em-3uZnCuGJOg,PULA PULA TIRO TIRO! - Esquadr√£o Suicida,2024-02-07T22:00:12Z,Games EduUu,20,,,420555,72752,0,2633
UCNMHZujkcJXErDXhLSGNVdA,NaÃÉo seraÃÅ o fim | Deive Leonardo,2024-02-05T10:00:12Z,Deive Leonardo,24,,pt-BR,646479,117877,0,3383
UCzUjeR-Wgr0_iyL_brgx3Fw,YOU'RE VALID,2024-02-08T15:54:57Z,ShxtsnGigs Podcast,23,,en-GB,199528,27391,0,71
UCNMHZujkcJXErDXhLSGNVdA,NaÃÉo seraÃÅ o fim | Deive Leonardo,2024-02-05T10:00:12Z,Deive Leonardo,24,,pt-BR,646479,117877,0,3383
UCY5QKzOaiJa-ERAcqBH_gBw,Calcinha Preta - E o Vento Levou #ATEMPORAL (Ao vivo em Salvador),2024-02-05T15:00:25Z,Calcinha Preta,10,,pt-BR,654302,14992,0,2238
UC2FLKWRbH1z14OH7jKWNNsQ,VOU FAZER UM KART DE FERRO!,2024-02-07T20:00:00Z,Henry Gon√ßalves,24,,,27259,2472,0,219
UCsiCOcr5SZAWlJMfcw9P__w,Golden State Warriors x Brooklyn Nets | AO VIVO COM IMAGENS EM PORTUGU√äS,2024-02-06T03:16:59Z,NBA Brasil,17,,en,638874,64877,0,16
UCitie-To0pWGe5Qyk9SjWRA,Bolsonaro lota Rua da Praia em S√£o Sebasti√£o - Alexandre Garcia,2024-02-07T23:50:05Z,Alexandre Garcia,25,,pt,395079,89200,0,3696
UCw5-xj3AKqEizC7MvHaIPqA,Jord√¢nia ELIMINA Coreia do Sul de Son na semifinal em CLASSIFICA√á√ÉO HIST√ìRICA na Copa da √Åsia,2024-02-06T17:29:05Z,ESPN Brasil,17,pt-BR,pt-BR,122836,4931,0,409
UCKHhA5hN2UohhFDfNXB_cvQ,Como √© feito um CART√ÉO de CR√âDITO #Borav√™,2024-02-06T20:00:25Z,Manual do Mundo,28,pt,pt-BR,411389,39539,0,646
UCPX0gLduKAfgr-HJENa7CFw,5KG EM 14 DIAS - GIGA DESAFIOU RENATO CARIANI,2024-02-07T18:40:22Z,Renato Cariani,17,,pt,513222,50515,0,2083
UC3zx5AHtifL9tyd5ut_BoOg,ORA√á√ÉO DA MANH√É - 09 DE FEVEREIRO üôè ORA√á√ÉO DO DIA DE HOJE,2024-02-09T07:00:11Z,Pastor Bruno Souza,29,pt,pt,22718,13893,0,10299
UC2FLKWRbH1z14OH7jKWNNsQ,VOU FAZER UM KART DE FERRO!,2024-02-07T20:00:00Z,Henry Gon√ßalves,24,,,27259,2472,0,219
UCsiCOcr5SZAWlJMfcw9P__w,Golden State Warriors x Brooklyn Nets | AO VIVO COM IMAGENS EM PORTUGU√äS,2024-02-06T03:16:59Z,NBA Brasil,17,,en,638875,64877,0,16
UC5UtCpmlRl32K9jKsOvQvkQ,Igreja Mundial do Poder de Deus,2024-02-08T08:03:01Z,Igreja Mundial,24,pt-BR,pt-BR,19579,1102,0,0
UCP6nJ-Elnfnpjv6HQRsv1Cw,Divertida Mente 2 | Spot Oficial Dublado,2024-02-08T18:21:59Z,Walt Disney Studios BR,1,,pt-BR,89226,4490,0,167
UCKEM87jzVqdIfAdTr0xNBfA,PODEROSA ORA√á√ÉO do SALMO 91 para QUEBRAR TODAS as AMARRAS üôèüèª,2024-02-07T21:00:35Z,Pastor Ant√¥nio J√∫nior,22,pt-BR,pt-BR,251111,54369,0,10498
UCsiCOcr5SZAWlJMfcw9P__w,TODAS AS TROCAS DA NBA! - O Encerramento da Trade Deadline 2023/24,2024-02-08T22:02:01Z,NBA Brasil,17,,en,47807,3817,0,11
UClYUCB6tyZl50_7OcbgUHCA,ƒêi·ªÉm n√≥ng th·∫ø gi·ªõi 9/2: Ukraine d·ªôi bom 'n·ªï tung' so√°i h·∫°m l√† ni·ªÅm t·ª± h√†o c·ªßa n∆∞·ªõc Nga,2024-02-09T09:30:10Z,V·∫§N ƒê·ªÄ H√îM NAY,25,vi,vi,20273,2373,0,9
UCbh6_TmFnAJLI56aAQeD3qw,Santo Ros√°rio | Sexta-feira | 04:00 | Live Ao vivo,2024-02-09T09:24:46Z,Frei Gilson / Som do Monte - OFICIAL,10,pt,pt,163854,34112,0,156
UCvj4nmo99euZOIAnKFpIn1Q,–ß–¢–û –û–ù –°–ü–ï–®–ò–¢ –í–ê–ú –°–û–û–ë–©–ò–¢–¨ ‚ùìÔ∏èüíïüòúüíê —Ä–∞—Å–∫–ª–∞–¥ —Ç–∞—Ä–æ #–Ω–æ–≤–æ–µ—Ç–∞—Ä–æ #—Ä–∞—Å–∫–ª–∞–¥—Å–µ–≥–æ–¥–Ω—è #–æ—Ç–≤–µ—Ç—É—Ç–∞—Ä–æ—Å–µ–π—á–∞—Å,2024-02-09T10:30:17Z,–û–¢–í–ï–¢ –£ –¢–ê–†–û,24,ru,ru,4554,1319,0,103
UC4LzoooXDHYU5Ocbe2WOV2A,R.I.P Themüò©‚ú® #deku #bakugou #todoroki #mha #bnha #foryou,2024-02-08T21:47:57Z,·¥Ä ü·¥áss…™·¥Ä,22,,,77929,16006,0,69
UCuUWq6qn8NFvOKFeIq3yPqQ,Voce ja sabia disso?,2024-02-08T22:05:56Z,Vander,22,,,40703,7859,0,64
UCw5-xj3AKqEizC7MvHaIPqA,Matheus Cunha brilha com hat-trick e Wolverhampton atropela o Chelsea fora de casa na Premier League,2024-02-04T16:34:32Z,ESPN Brasil,17,pt-BR,pt-BR,584473,25033,0,747
UChMJkHCD2wdvSO7CMOuLR-w,ESSA √â A NOVA COR DO MEU MAVERICK 4X4 üòÆ,2024-02-06T14:00:08Z,Renato Garcia YT,24,,pt,580467,52499,0,967
UCvcZRsZdR2lzgeZcABkwCSA,Podem cancelar o Homem-Aranha 4? #homemaranha #sony #marvel #filmes #spiderman #lan√ßamentos,2024-02-07T21:20:37Z,Locomotiva,22,,,736657,152240,0,654
UCw5-xj3AKqEizC7MvHaIPqA,"ENZO FERN√ÅNDEZ FAZ PINTURA DE FALTA, CHELSEA BATE O ASTON VILLA E VAI √ÄS OITAVAS | Melhores Momentos",2024-02-07T22:12:17Z,ESPN Brasil,17,pt-BR,pt-BR,486669,24780,0,954
UCw5-xj3AKqEizC7MvHaIPqA,"ENZO FERN√ÅNDEZ FAZ PINTURA DE FALTA, CHELSEA BATE O ASTON VILLA E VAI √ÄS OITAVAS | Melhores Momentos",2024-02-07T22:12:17Z,ESPN Brasil,17,pt-BR,pt-BR,486669,24780,0,954
UC_oToDrJ6uca7d1dFVBmLtg,AL-TAI X AL-ITTIHAD | LIGA SAUDITA | JOGO COMPLETO,2024-02-07T20:11:15Z,Canal GOAT,17,pt-BR,pt,179806,5945,0,3
UCZ7doeBcNloN5tJySQtcQCQ,[Ï†ÑÏßÄÏ†Å Ìï†Î∂ÄÏßÄ ÏãúÏ†ê] ep.177 ÏÉàÌï¥ Ìë∏(Á¶è) ÎßéÏù¥ Î∞õÏúºÏÑ∏Ïò§~Ìï®ÍªòÌïòÎäî ÌïòÎ£®ÌïòÎ£®Í∞Ä ÎçîÏóÜÏù¥ ÏÜåÏ§ëÌïú Ïö©Ïù∏ Ìë∏Ïî® Ìë∏Î∞îÏò§ÏôÄ Í∞ïÎ∞îÏò§üêº‚îÇPanda World,2024-02-09T08:02:00Z,ÎßêÌïòÎäîÎèôÎ¨ºÏõê ÎøåÎπ†TV,15,,ko,68640,9945,0,584
UCIpylxq_JDl2YpvTpN11p9Q,MUDOU TUDO! FLAMENGO SONDA IGOR CORONADO! CHEGA NO LIMITE DUAS NEGOCIA√á√ïES NO MENG√ÉO! MUDAN√áA TIME,2024-02-07T12:24:40Z,FLAZOEIRO,17,,pt,177842,26480,0,599
UCk7PLqymO8AziWRbBu8jeOA,Jogos ol√≠mpicos de BEB√äS #livedobrino #humor,2024-02-04T19:15:23Z,BruninZor,24,,,1188760,169366,0,441
UCw5-xj3AKqEizC7MvHaIPqA,"ENZO FERN√ÅNDEZ FAZ PINTURA DE FALTA, CHELSEA BATE O ASTON VILLA E VAI √ÄS OITAVAS | Melhores Momentos",2024-02-07T22:12:17Z,ESPN Brasil,17,pt-BR,pt-BR,486669,24780,0,954
UC_oToDrJ6uca7d1dFVBmLtg,AL-TAI X AL-ITTIHAD | LIGA SAUDITA | JOGO COMPLETO,2024-02-07T20:11:15Z,Canal GOAT,17,pt-BR,pt,179806,5945,0,3
UCIpylxq_JDl2YpvTpN11p9Q,MUDOU TUDO! FLAMENGO SONDA IGOR CORONADO! CHEGA NO LIMITE DUAS NEGOCIA√á√ïES NO MENG√ÉO! MUDAN√áA TIME,2024-02-07T12:24:40Z,FLAZOEIRO,17,,pt,177842,26480,0,599
UCk7PLqymO8AziWRbBu8jeOA,Jogos ol√≠mpicos de BEB√äS #livedobrino #humor,2024-02-04T19:15:23Z,BruninZor,24,,,1188760,169366,0,441
UCS4cwdpm92dw1w9TERgdQJg,ele INVENTOU a CALCULADORA com 19 ANOS,2024-02-07T15:00:26Z,Tinocando TV,27,pt,pt,442205,84136,0,647
UCk7PLqymO8AziWRbBu8jeOA,100 comprimidos por dia para rejuvenescer! üò±ü§£ #livedobrino #humor,2024-02-08T14:10:56Z,BruninZor,24,,,263609,42884,0,130
UCWijW6tW0iI5ghsAbWDFtTg,Reinaldo: Cabe√ßas coroadas da reserva e da ativa mentidos com maquina√ß√µes golpistas,2024-02-09T00:48:52Z,R√°dio BandNews FM,25,,,51024,8530,0,
UCzY4IvYwOgA4viaDdVNyfZQ,DESDOBRAMENTOS 08/02/2024,2024-02-08T18:01:28Z,PASTOR SANDRO ROCHA,22,,en-US,228736,51598,0,
UCh4beckG3kngmza18rt-F4g,O QUE EU ACHO QUE PROFESSOR PENSA:,2024-02-08T21:00:05Z,Keira Riff,23,,pt,214638,31469,0,101
UCoT5dhgnkslu0cj8uZjt20A,BAB√Å POR UM DIA #shots,2024-02-07T18:37:58Z,RETARDA MARQUES,22,,,564874,81047,0,212
